name,url,username,password,note
1vpn.org,https://1vpn.org/signup/,nyxn,1vpn545654,
account.bbc.com,https://account.bbc.com/auth/register/password,nyxnclint@gmail.com,485761923p,
account.gast.de,https://account.gast.de/login,HarshKhatana,testas1977,
account.live.com,https://account.live.com/ResetPassword.aspx,mum's microsoft account,madhu1977,
accounts.digilocker.gov.in,https://accounts.digilocker.gov.in/signin/auth/get_user,7658065918,425167,
accounts.google.com,https://accounts.google.com/signin/v2/speedbump/changepassword/changepasswordform,7658065918,a new password,
accounts.google.com,https://accounts.google.com/v3/signin/challenge/pwd,grayaiton32@gmail.com,Corporate5456,
accounts.google.com,https://accounts.google.com/v3/signin/challenge/pwd,nikedesigner77@gmail.com,masterdingo1977,
accounts.google.com,https://accounts.google.com/v3/signin/challenge/pwd,nyxnclint@gmail.com,a new password,
accounts.google.com,https://accounts.google.com/v3/signin/challenge/pwd,vander7grey@gmail.com,T72ravalian,
accounts.spotify.com,https://accounts.spotify.com/en/login,greyaiton32@gmail.com,Spotify3232,
accounts.spotify.com,https://accounts.spotify.com/en/login,nikedesigner77@gmail.com,Spotify1233,
app.notesnook.com,https://app.notesnook.com/signup,nyxnclint@gmail.com,Notesnook545654,
auth0.openai.com,https://auth0.openai.com/,nikedesigner77@gmail.com,123412341234,
auth0.openai.com,https://auth0.openai.com/u/login/password,nyxnclint@gmail.com,Openai545654,
codebasics.io,https://codebasics.io/register,vander7grey@gmail.com,C72odebasics,
discord.com,https://discord.com/login,nyxnclint@gmail.com,Discord5456,
github.com,https://github.com/login,nyxnclint@gmail.com,Github5456,
github.com,https://github.com/signup,ClintNxyn,Github5456,
gomovies.sx,https://gomovies.sx/tv-show,nyxn,Movie545654,
http://192.168.29.1,http://192.168.29.1/platform.cgi,admin,Aa@12341234,
in.pinterest.com,https://in.pinterest.com/,nikedesigner77@gmail.com,pinterest1977,
login.goethe.de,https://login.goethe.de/cas/login,nikedesigner77@gmail.com,Goethe1977,
login.live.com,https://login.live.com/login.srf,madhukhatana01@gmail.com,madhu1977,
login3.id.hp.com,https://login3.id.hp.com/login3/password,hp,Hp545654,
miro.com,https://miro.com/login/,nyxnclint@gmail.com,Miro545654,
miro.com,https://miro.com/login/,vander7grey@gmail.com,M72irooo,
onboarding.speechify.com,https://onboarding.speechify.com/quiz,vander7grey@gmail.com,S72peechify,
portal1.passportindia.gov.in,https://portal1.passportindia.gov.in/AppOnlineProject/user/userLoginValidateAction,VANDER7GREY@GMAIL.COM,Passport@1977,
portal2.passportindia.gov.in,https://portal2.passportindia.gov.in/AppOnlineProject/user/UserRegistrationActionDBAuth,vander7grey@gmail.com,Passport@1977,
quizlet.com,https://quizlet.com/708364568/view-screen,,MEb48jtd,
quizlet.com,https://quizlet.com/811872651/my-login-flash-cards/,nikedesigner77@gmail.com,quizlet1977,
rumble.com,https://rumble.com/register.php,vander7grey@gmail.com,R72umble,
sso.teachable.com,https://sso.teachable.com/secure/278440/identity/sign_up/email,vander7grey@gmail.com,B72haratingermany,
tlauncher.org,https://tlauncher.org/en/reg/,Nyxn,Minecraft5456,
windscribe.com,https://windscribe.com/signup,nyxn87,485761923,
www.amazon.in,https://www.amazon.in/ap/forgotpassword,7658065918,amazon1977,
www.busuu.com,https://www.busuu.com/en/login,7658065918,B72usuu,
www.chess.com,https://www.chess.com/login,nyxnclint@gmail.com,Chess545654,
www.chess.com,https://www.chess.com/login,papulo99,chess1977,
www.chess.com,https://www.chess.com/settings/change-username,SirBlundrThundr,Chess545654,
www.dall-efree.com,https://www.dall-efree.com/registration,nikedesigner77@gmail.com,dalle1977,
www.deepl.com,https://www.deepl.com/en/signup/,vander7grey@gmail.com,D72eepLL,
www.figma.com,https://www.figma.com/login_iframe,vander7grey@gmail.com,F72igmaaa,
www.instagram.com,https://www.instagram.com/,may.be.harshit,insta1974,
www.instagram.com,https://www.instagram.com/direct/t/115402106515077/,who.saw.harsh,insta1976,
www.joinhoney.com,https://www.joinhoney.com/auth,vander7grey@gmail.com,H@72oney,
www.linkedin.com,https://www.linkedin.com/,nyxnclint@gmail.com,Linkedin5456,
www.notion.so,https://www.notion.so/onboarding,nikedesigner77@gmail.com,notion1977,
www.pinterest.co.uk,https://www.pinterest.co.uk/,nikedesigner77@gmail.com,Pinterest1977,
www.reddit.com,https://www.reddit.com/user/Belsedar/,NyxnNight,Reddit5456,
www.skool.com,https://www.skool.com/agencyowners/about,vander7grey@gmail.com,S72kool,
www.testas.de,https://www.testas.de/gast/testas/teilnehmer/showBookingContactData.do,HarshKhatana32,testas1977,
z-lib.id,https://z-lib.id/login,nikedesigner77@gmail.com,zlibrary1977,
z-lib.io,https://z-lib.io/register,vander7grey@gmail.com,Z72library,
